{"delta_min": 3.0, "omega_max": 0.5, "table": [[-3.636220154907779e-17, 9.939851702249901e-17, -1.6591598566245627e-16, 1.0000000000000002, -5.013351741308039e-17, -3.9759585858557905e-17, 7.789144686314611e-17, -3.5443759968140907e-17], [-0.0008720292880565873, 0.005129675309521665, -0.02135470783085686, 0.9933329335328495, 0.032085265379178864, -0.011231146056643508, 0.0035346942408662225, -0.0006733616097478053], [-0.0017105783434001266, 0.010010163114763883, -0.0410630256884474, 0.9838682370197209, 0.06567084032101947, -0.022602436746988405, 0.007074324359175427, -0.0013439068931380737], [-0.002509241900144295, 0.014610318612604336, -0.05909740440162618, 0.9716650047762888, 0.10063169184076046, -0.034027176401078225, 0.010590326607222682, -0.002006239269606144], [-0.0032623619124864207, 0.018903056087034933, -0.07544057449442294, 0.9567960286183322, 0.13683278064716947, -0.04541462226100954, 0.014053131258068001, -0.0026547453845000317], [-0.003965561079680402, 0.022867122710119075, -0.09008882475467474, 0.9393520442663069, 0.17412496372926725, -0.05666698619162981, 0.017430558766661716, -0.003283099742938436], [-0.004614509721266773, 0.02648263771992415, -0.10304305362092313, 0.9194291080696523, 0.21235781620394947, -0.06768876848711883, 0.020692542418947017, -0.0038855766061389155], [-0.005202868173868949, 0.029725057243151533, -0.11429689246869787, 0.8971124106894248, 0.2513958596952533, -0.0783986823119152, 0.023817146732239138, -0.0044590649500701116], [-0.005729766188593292, 0.032588950651913244, -0.12388289112095383, 0.8725387496989642, 0.2910564983600369, -0.08868433922057645, 0.026767459418289504, -0.004995850372824941], [-0.006191362807446413, 0.035060515142147655, -0.13181865024276893, 0.8458229093997172, 0.3311834979605494, -0.09845575790024938, 0.029518741275638312, -0.005491884347518261], [-0.006585321698409026, 0.03713222024809292, -0.13813526598712594, 0.817096209081996, 0.37160870139686003, -0.10761747353830978, 0.032044194632667014, -0.005942461150280994], [-0.006909874551448187, 0.03879964792977357, -0.14287096152816334, 0.7864975723337031, 0.4121610380534697, -0.11607504937900123, 0.03431820660783037, -0.006343169340796962], [-0.007163820002273127, 0.0400614254367975, -0.1460707700848468, 0.7541728655459314, 0.4526672793966788, -0.12373557570496364, 0.036316535357310914, -0.006689925424785744], [-0.0073465191073983725, 0.04091914412849781, -0.14778619140313948, 0.7202742093802392, 0.49295280758037024, -0.13050816826359254, 0.03801649268458122, -0.006979006150926537], [-0.007457887504500491, 0.04137726500683361, -0.14807482371064468, 0.6849592665235766, 0.5328423935075672, -0.1363044636655574, 0.03939712192899583, -0.007207079206936161], [-0.007498384431245579, 0.041443011833877164, -0.14699997338698106, 0.6483905093304112, 0.5721609805673552, -0.1410391091472434, 0.040439370002247225, -0.00737123206160405], [-0.007468998746500764, 0.04112625260230402, -0.14463024438148298, 0.6107344706292198, 0.6107344706292341, -0.14463024438149355, 0.04112625260230921, -0.007468998746502062], [-0.007371232061601567, 0.040439370002238254, -0.14103910914722567, 0.5721609805673311, 0.6483905093304348, -0.1469999733869983, 0.041443011833885726, -0.007498384431247806], [-0.007207079206934408, 0.0393971219289895, -0.136304463665545, 0.5328423935075509, 0.6849592665235931, -0.14807482371065636, 0.04137726500683931, -0.007457887504501914], [-0.006979006150924294, 0.038016492684572994, -0.1305081682635764, 0.4929528075803483, 0.720274209380261, -0.14778619140315527, 0.040919144128505704, -0.007346519107400425], [-0.006689925424783101, 0.03631653535730219, -0.12373557570494721, 0.4526672793966573, 0.754172865545952, -0.14607077008486127, 0.040061425436804465, -0.007163820002274825], [-0.006343169340794802, 0.034318206607822574, -0.11607504937898597, 0.4121610380534491, 0.7864975723337233, -0.14287096152817785, 0.03879964792978073, -0.0069098745514499784], [-0.005942461150280777, 0.032044194632666376, -0.10761747353830871, 0.37160870139685853, 0.8170962090819975, -0.13813526598712694, 0.037132220248093345, -0.006585321698409175], [-0.0054918843475181825, 0.029518741275637927, -0.09845575790024867, 0.33118349796054825, 0.8458229093997183, -0.1318186502427697, 0.03506051514214804, -0.006191362807446485], [-0.004995850372825417, 0.026767459418290965, -0.08868433922057918, 0.29105649836004055, 0.8725387496989605, -0.1238828911209511, 0.032588950651911835, -0.005729766188592722], [-0.004459064950069309, 0.023817146732236463, -0.0783986823119098, 0.2513958596952455, 0.8971124106894331, -0.11429689246870403, 0.029725057243154992, -0.005202868173870048], [-0.0038855766061394875, 0.020692542418949664, -0.06768876848712473, 0.21235781620395805, 0.9194291080696428, -0.10304305362091587, 0.02648263771992027, -0.004614509721265357], [-0.0032830997429374453, 0.01743055876665843, -0.05666698619162299, 0.17412496372925715, 0.9393520442663172, -0.09008882475468306, 0.022867122710123776, -0.003965561079681971], [-0.0026547453845000364, 0.0140531312580677, -0.04541462226100916, 0.136832780647169, 0.9567960286183327, -0.07544057449442299, 0.018903056087034922, -0.0032623619124863192], [-0.002006239269604855, 0.010590326607219307, -0.03402717640107182, 0.10063169184075177, 0.9716650047762972, -0.059097404401632386, 0.014610318612607491, -0.002509241900145124], [-0.001343906893138112, 0.007074324359176215, -0.02260243674699058, 0.06567084032102305, 0.9838682370197167, -0.04106302568844387, 0.010010163114761914, -0.001710578343399425], [-0.0006733616097474837, 0.003534694240865827, -0.011231146056642995, 0.03208526537917822, 0.9933329335328505, -0.021354707830857377, 0.005129675309522138, -0.0008720292880568296], [-3.991019329588773e-17, 2.225886551740565e-16, -5.595136815123257e-16, 9.010107965612022e-16, 0.999999999999999, 7.40599126753934e-16, -3.424350866403256e-16, 9.269007559371521e-17]]}