{
  "Phase 0": [
    0.001708984375,
    0.010986328125,
    -0.0196533203125,
    0.033203125,
    -0.0594482421875,
    0.1373291015625,
    0.97216796875,
    -0.102294921875,
    0.047607421875,
    -0.026611328125,
    0.014892578125,
    -0.00830078125
  ],
  "Phase 1": [
    -0.0291748046875,
    0.029296875,
    -0.0517578125,
    0.089111328125,
    -0.16650390625,
    0.465087890625,
    0.77978515625,
    -0.2003173828125,
    0.1015625,
    -0.0582275390625,
    0.0330810546875,
    -0.0189208984375
  ],
  "Phase 2": [
    -0.0189208984375,
    0.0330810546875,
    -0.0582275390625,
    0.1015625,
    -0.2003173828125,
    0.77978515625,
    0.465087890625,
    -0.16650390625,
    0.089111328125,
    -0.0517578125,
    0.029296875,
    -0.0291748046875
  ],
  "Phase 3": [
    -0.00830078125,
    0.014892578125,
    -0.026611328125,
    0.047607421875,
    -0.102294921875,
    0.97216796875,
    0.1373291015625,
    -0.0594482421875,
    0.033203125,
    -0.0196533203125,
    0.010986328125,
    0.001708984375
  ]
}
