{
  "delta_min": 2.5,
  "omega_max": 0.65,
  "table": [
    [
      0.03396642725330925,
      -0.12673821137646601,
      0.5759982312324312,
      0.6592123095604063,
      -0.19435321143573606,
      0.0782612693103079,
      -0.025807862651826587
    ],
    [
      0.021616078095824397,
      -0.07539816970638001,
      0.2653441329619578,
      0.9081714824861011,
      -0.16017585860369898,
      0.059489586593950955,
      -0.018863293456169244
    ],
    [
      -4.971267666412773e-18,
      2.4351906014374214e-17,
      3.483683358193874e-17,
      1.0,
      5.887797760434459e-17,
      9.367186020994719e-19,
      8.135290981442304e-19
    ],
    [
      -0.018863293456169286,
      0.05948958659395098,
      -0.16017585860369907,
      0.908171482486101,
      0.2653441329619578,
      -0.07539816970638011,
      0.02161607809582444
    ],
    [
      -0.02580786265182662,
      0.07826126931030812,
      -0.1943532114357363,
      0.6592123095604064,
      0.5759982312324308,
      -0.12673821137646582,
      0.033966427253309124
    ]
  ]
}
